{
  "timestamp": "2025-08-29T10:54:45.605300",
  "training_summary": {
    "phase_1_discovery": {
      "initial_loss": 0.7246206402778625,
      "final_loss": 0.4705575108528137,
      "loss_reduction": 0.25406312942504883,
      "loss_reduction_pct": 35.06153638235118,
      "final_clusters": 3,
      "cluster_stability": 0.4444444444444444
    },
    "phase_2_semi_supervised": {
      "initial_loss": 0.3269508183002472,
      "final_loss": 0.24428124725818634,
      "loss_reduction": 0.08266957104206085,
      "loss_reduction_pct": 25.285017322129256,
      "final_clusters": 3,
      "cluster_stability": 0.11111111111111116
    },
    "phase_3_solar": {
      "initial_loss": 1.441817283630371,
      "final_loss": 1.3650379180908203,
      "loss_reduction": 0.07677936553955078,
      "loss_reduction_pct": 5.325179994113192,
      "final_clusters": 1,
      "cluster_stability": 1.0
    }
  },
  "cluster_quality": {
    "num_clusters": 5,
    "cluster_sizes": [
      138,
      2,
      15,
      4,
      1
    ],
    "size_std": 53.23532661682466,
    "size_balance": 0.007246376811594203,
    "avg_cohesion": 