{
  "energy_balance": {
    "passed": true,
    "total_consumption": 34947.32421875,
    "total_generation": 693.7503051757812,
    "self_sufficiency": 0.019851313961358138,
    "balance_penalty": 444.68670654296875
  },
  "voltage_constraints": {
    "passed": false,
    "violations": 7,
    "nominal_voltage": 230,
    "min_allowed": 207.0,
    "max_allowed": 253.00000000000003
  },
  "power_flow": {
    "passed": false,
    "total_injection": -360.7416843040073,
    "total_losses": 0.05950037329449316,
    "loss_percentage": 0.01649390017382923,
    "node_errors": 20
  },
  "optimization_objectives": {
    "passed": true,
    "objectives": {
      "minimize_cost": 6916.251847667246,
      "minimize_losses": 1747.3662810144558,
      "maximize_self_sufficiency": 0.019851313106879445,
      "minimize_emissions": 17399.857592895965
    },
    "total_consumption": 34947.32562028911,
    "total_generation": 693.7503031364291
  },
  "p2p_trading": {
    "passed": true,
    "num_trades": 12,
    "total_traded": 136.01929101968244,
    "avg_trade_size": 11.33494091830687
  },
  "battery_optimization": {
    "passed": true,
    "num_batteries": 3,
    "charge_events": 0,
    "discharge_events": 96,
    "peak_shaving_kwh": 0,
    "arbitrage_value": 2.527264409728951
  },
  "loss_minimization": {
    "passed": true,
    "total_shared": 96.60662078857422,
    "total_losses": 6.7933502197265625,
    "loss_percentage": 7.031971685040059,
    "distance_loss_correlation": 0.9999999999992616
  },
  "grid_constraints": {
    "passed": true,
    "boundary_violations": 0,
    "boundary_penalty": 242.03707885742188,
    "overloaded_transformers": 2
  }
}