target_type,target_id,intervention_type,size_kw,cost_eur,annual_savings_eur,co2_reduction_tons,payback_years,priority,network_benefit,cascade_potential,recommendation
cluster,CLUSTER_0000,building_retrofit,0,50000.0,0.0,7.5,0,6316.2258424037,0.5,0.5,comfort
cluster,CLUSTER_0000,building_retrofit,0,50000.0,0.0,7.5,0,6316.2258424037,0.5,0.5,comfort
cluster,CLUSTER_0000,building_retrofit,0,50000.0,0.0,7.5,0,6316.2258424037,0.5,0.5,comfort
cluster,CLUSTER_0000,battery_storage,0,23531.56852722168,2894.3829288482666,0.0,0,1476.5929073106386,0.5,0.5,grid_stability
cluster,CLUSTER_0000,solar_pv,0,15923.796886765376,0.0,13.94924607280647,0,317.7919760783532,0.5,0.5,reduced_grid_stress
cluster,CLUSTER_0000,solar_pv,0,15523.076664287917,0.0,13.598215157916217,0,317.5714196232938,0.5,0.5,reduced_grid_stress
cluster,CLUSTER_0000,solar_pv,0,14147.760446863893,0.0,12.393438151452772,0,316.8144454049072,0.5,0.5,reduced_grid_stress
cluster,CLUSTER_0000,solar_pv,0,14064.924935204226,0.0,12.320874243238904,0,316.7688527278351,0.5,0.5,reduced_grid_stress
cluster,CLUSTER_0000,solar_pv,0,13608.743612606522,0.0,11.921259404643315,0,316.5177704622979,0.5,0.5,reduced_grid_stress
