id,component_id,x,y,mv_transformer_id,capacity_kva,geometry
LV_NET_001,1,100350.0,450100.0,MV_TRANS_001,250,POINT (100350 450100)
LV_NET_002,2,100125.0,450229.9038105677,MV_TRANS_001,250,POINT (100125 450229.9038105677)
LV_NET_003,3,100125.0,449970.0961894323,MV_TRANS_001,250,POINT (100125 449970.0961894323)
LV_NET_004,4,100550.0,449900.0,MV_TRANS_002,250,POINT (100550 449900)
LV_NET_005,5,100325.0,450029.9038105677,MV_TRANS_002,250,POINT (100325 450029.9038105677)
LV_NET_006,6,100325.0,449770.0961894323,MV_TRANS_002,250,POINT (100325 449770.0961894323)
