{
  "timestamp": "2025-08-28T20:55:17.297534",
  "num_clusters": 12,
  "avg_cluster_size": 13.333333333333334,
  "cluster_stability": 0.821821354216219,
  "avg_self_sufficiency": 0.4968205091389571,
  "avg_complementarity": 0.6568858469675084,
  "total_peak_reduction": 0.26195459816553784,
  "total_demand_mwh": 115.77295483050662,
  "total_generation_mwh": 19.92976320228592,
  "total_shared_energy_mwh": 180.0,
  "grid_import_mwh": 95.84319162822071,
  "grid_export_mwh": 0.0,
  "num_solar_buildings": 0,
  "total_solar_capacity_kw": 0,
  "avg_solar_roi_years": 8.235382430228949,
  "solar_coverage_percent": 0,
  "total_cost_savings_eur": 4500.0,
  "avg_cost_reduction_percent": 15.547672620390726,
  "carbon_reduction_tons": 9.96488160114296,
  "peak_charge_savings_eur": 2106.059573684884,
  "avg_voltage_deviation": 0.02,
  "transformer_utilization_percent": 65,
  "line_loss_percent": 3.5,
  "congestion_events": 2,
  "energy_label_distribution": {
    "B": 28,
    "A": 26,
    "F": 26,
    "D": 23,
    "G": 21,
    "E": 18,
    "C": 18
  },
  "building_type_distribution": {
    "Residential": 56,
    "Industrial": 54,
    "Commercial": 50
  },
  "num_lv_groups": 20,
  "avg_buildings_per_lv": 8.0,
  "lv_groups_with_clusters": 0
}