{
  "timestamp": "2025-08-28T20:53:35.071697",
  "num_clusters": 12,
  "avg_cluster_size": 13.333333333333334,
  "cluster_stability": 0.7945326538512867,
  "avg_self_sufficiency": 0.537654994983139,
  "avg_complementarity": 0.6956370463972995,
  "total_peak_reduction": 0.2574023257168118,
  "total_demand_mwh": 115.04324293646637,
  "total_generation_mwh": 19.850287305291683,
  "total_shared_energy_mwh": 180.0,
  "grid_import_mwh": 95.19295563117468,
  "grid_export_mwh": 0.0,
  "num_solar_buildings": 0,
  "total_solar_capacity_kw": 0,
  "avg_solar_roi_years": 7.731979353629783,
  "solar_coverage_percent": 0,
  "total_cost_savings_eur": 4500.0,
  "avg_cost_reduction_percent": 15.64629050829231,
  "carbon_reduction_tons": 9.925143652645842,
  "peak_charge_savings_eur": 2056.4165479062935,
  "avg_voltage_deviation": 0.02,
  "transformer_utilization_percent": 65,
  "line_loss_percent": 3.5,
  "congestion_events": 2,
  "energy_label_distribution": {
    "B": 28,
    "F": 28,
    "E": 26,
    "D": 26,
    "C": 21,
    "G": 19,
    "A": 12
  },
  "building_type_distribution": {
    "Commercial": 60,
    "Residential": 52,
    "Industrial": 48
  },
  "num_lv_groups": 20,
  "avg_buildings_per_lv": 8.0,
  "lv_groups_with_clusters": 