{
  "timestamp": "2025-08-28T20:55:52.809481",
  "num_clusters": 12,
  "avg_cluster_size": 13.333333333333334,
  "cluster_stability": 0.8276277434086631,
  "avg_self_sufficiency": 0.5138024236042287,
  "avg_complementarity": 0.6892543511047968,
  "total_peak_reduction": 0.2612200675384142,
  "total_demand_mwh": 115.0720582900144,
  "total_generation_mwh": 19.815675223271228,
  "total_shared_energy_mwh": 180.0,
  "grid_import_mwh": 95.25638306674315,
  "grid_export_mwh": 0.0,
  "num_solar_buildings": 0,
  "total_solar_capacity_kw": 0,
  "avg_solar_roi_years": 7.685151019340963,
  "solar_coverage_percent": 0,
  "total_cost_savings_eur": 4500.0,
  "avg_cost_reduction_percent": 15.642372499008289,
  "carbon_reduction_tons": 9.907837611635614,
  "peak_charge_savings_eur": 2087.4396415487427,
  "avg_voltage_deviation": 0.02,
  "transformer_utilization_percent": 65,
  "line_loss_percent": 3.5,
  "congestion_events": 2,
  "energy_label_distribution": {
    "C": 26,
    "E": 25,
    "A": 25,
    "G": 24,
    "D": 22,
    "B": 19,
    "F": 19
  },
  "building_type_distribution": {
    "Commercial": 63,
    "Industrial": 51,
    "Residential": 46
  },
  "num_lv_groups": 20,
  "avg_buildings_per_lv": 8.0,
  "lv_groups_with_clusters": 0
}