{
  "timestamp": "2025-08-28T20:58:03.332481",
  "num_clusters": 12,
  "avg_cluster_size": 13.333333333333334,
  "cluster_stability": 0.8240564038429876,
  "avg_self_sufficiency": 0.5235914572777235,
  "avg_complementarity": 0.6833581305310968,
  "total_peak_reduction": 0.24569960792239284,
  "total_demand_mwh": 115.7091198765508,
  "total_generation_mwh": 19.904527748692917,
  "total_shared_energy_mwh": 180.0,
  "grid_import_mwh": 95.80459212785787,
  "grid_export_mwh": 0.0,
  "num_solar_buildings": 0,
  "total_solar_capacity_kw": 0,
  "avg_solar_roi_years": 7.913894864192529,
  "solar_coverage_percent": 0,
  "total_cost_savings_eur": 4500.0,
  "avg_cost_reduction_percent": 15.556250033881568,
  "carbon_reduction_tons": 9.952263874346459,
  "peak_charge_savings_eur": 1974.2837074106724,
  "avg_voltage_deviation": 0.02,
  "transformer_utilization_percent": 65,
  "line_loss_percent": 3.5,
  "congestion_events": 2,
  "energy_label_distribution": {
    "G": 35,
    "D": 32,
    "B": 24,
    "C": 22,
    "A": 19,
    "E": 15,
    "F": 13
  },
  "building_type_distribution": {
    "Commercial": 65,
    "Residential": 48,
    "Industrial": 47
  },
  "num_lv_groups": 20,
  "avg_buildings_per_lv": 8.0,
  "lv_groups_with_clusters": 0
}