{
  "cluster_assignments": [
    6,
    5,
    2,
    5,
    9,
    5,
    6,
    6,
    5,
    0,
    6,
    9,
    1,
    9,
    5,
    5,
    9,
    9,
    8,
    5,
    9,
    5,
    9,
    6,
    5,
    5,
    5,
    5,
    2,
    9,
    5,
    5,
    5,
    9,
    9,
    6,
    5,
    2,
    5,
    5,
    0,
    5,
    5,
    5,
    2,
    5,
    5,
    9,
    2,
    9,
    9,
    5,
    9,
    9,
    9,
    2,
    2,
    5,
    0,
    9,
    9,
    4,
    5,
    9,
    9,
    5,
    9,
    5,
    5,
    5,
    6,
    5,
    2,
    0,
    9,
    5,
    2,
    2,
    2,
    5,
    0,
    5,
    5,
    6,
    2,
    5,
    2,
    5,
    5,
    5,
    9,
    5,
    9,
    5,
    5,
    5,
    5,
    5,
    2,
    9,
    5,
    9,
    5,
    9,
    5,
    5,
    9,
    5,
    9,
    5,
    1,
    9,
    5,
    5,
    5,
    5,
    5,
    9,
    9,
    9,
    5,
    0,
    2,
    0,
    9,
    5,
    9,
    9,
    9,
    5,
    5,
    5,
    0,
    5,
    5,
    5,
    5,
    9,
    2,
    0,
    9,
    9,
    9,
    5,
    5,
    6,
    9,
    2,
    9,
    5,
    9,
    5,
    6,
    5,
    5,
    5,
    5,
    1,
    9,
    9
  ],
  "cluster_stability": {
    "prev_clusters": "[9 9 9 9 9 9 9 9 9 0 5 0 9 7 9 1 9 9 0 1 5 0 0 1 1 7 0 1 1 5 5 9 1 9 1 1 9\n 1 1 1 9 5 7 1 5 1 1 9 9 9 1 5 0 1 9 9 9 4 0 5 1 5 5 5 7 1 1 9 1 1 1 1 1 1\n 1 5 1 9 9 5 5 5 5 7 1 9 1 1 1 1 1 9 1 9 1 1 1 5 1 9 0 1 9 1 1 9 1 1 5 9 0\n 5 9 9 9 9 5 1 1 5 9 1 1 5 1 1 1 9 5 5 5 1 1 1 0 0 0 0 9 9 1 9 9 9 9 1 1 7\n 9 0 1 1 9 1 9 1 4 1 1 1]"
  },
  "energy_flows": {
    "epoch_0": {
      "cluster_0": {
        "total_surplus": 52.0383186340332,
        "total_deficit": 9.257894515991211,
        "self_sufficiency": 1.0,
        "total_consumption": 38.46900177001953,
        "total_generation": 81.24942779541016
      },
      "cluster_1": {
        "total_surplus": 0.0,
        "total_deficit": 42.90740203857422,
        "self_sufficiency": 0.36983359198566423,
        "total_consumption": 68.08899688720703,
        "total_generation": 25.181598663330078
      },
      "cluster_2": {
        "total_surplus": 41.857608795166016,
        "total_deficit": 255.78627014160156,
        "self_sufficiency": 0.4031274510710578,
        "total_consumption": 358.416015625,
        "total_generation": 144.48733520507812
      },
      "cluster_5": {
        "total_surplus": 146.11753845214844,
        "total_deficit": 1345.482177734375,
        "self_sufficiency": 0.34405492264986254,
        "total_consumption": 1828.4530029296875,
        "total_generation": 629.0882568359375
      },
      "cluster_6": {
        "total_surplus": 19.619667053222656,
        "total_deficit": 515.9127197265625,
        "self_sufficiency": 0.15738441353967197,
        "total_consumption": 588.990966796875,
        "total_generation": 92.697998046875
      },
      "cluster_9": {
        "total_surplus": 141.8402099609375,
        "total_deficit": 345.0174865722656,
        "self_sufficiency": 0.6541768832178168,
        "total_consumption": 587.5180053710938,
        "total_generation": 384.3406982421875
      }
    }
  },
  "pseudo_labels": {
    "cluster_labels": {
      "1": "poor",
      "5": "poor",
      "7": "fair",
      "4": "good",
      "9": "poor",
      "0": "fair"
    },
    "confidence": 0.7,
    "quality_scores": {
      "1": 0.25,
      "5": 0.25,
      "7": 0.5,
      "4": 0.75,
      "9": 0.25,
      "0": 0.5
    }
  },
  "solar_cascade_effects": {},
  "num_buildings": 0
}