{
  "cluster_assignments": [
    9,
    2,
    3,
    2,
    2,
    3,
    2,
    2,
    9,
    3,
    5,
    2,
    2,
    2,
    2,
    2,
    2,
    2,
    2,
    2,
    2,
    5,
    2,
    3,
    2,
    2,
    2,
    3,
    2,
    6,
    4,
    2,
    9,
    2,
    2,
    9,
    2,
    9,
    2,
    3,
    2,
    2,
    2,
    9,
    3,
    2,
    2,
    3,
    2,
    2,
    2,
    6,
    3,
    2,
    2,
    9,
    9,
    2,
    2,
    2,
    2,
    2,
    2,
    2,
    9,
    2,
    2,
    2,
    2,
    2,
    2,
    2,
    2,
    2,
    9,
    6,
    2,
    5,
    2,
    2,
    2,
    2,
    1,
    2,
    2,
    1,
    2,
    2,
    9,
    3,
    2,
    2,
    2,
    3,
    2,
    3,
    2,
    9,
    3,
    2,
    8,
    5,
    5,
    9,
    9,
    2,
    2,
    2,
    2,
    6,
    2,
    2,
    2,
    6,
    6,
    2,
    9,
    6,
    7,
    6,
    3,
    2,
    4,
    9,
    2,
    4,
    2,
    3,
    2,
    2,
    6,
    9,
    2,
    2,
    2,
    9,
    2,
    9,
    3,
    3,
    3,
    9,
    4,
    2,
    2,
    2,
    3,
    2,
    3,
    2,
    9,
    2,
    2,
    2,
    6,
    3,
    2,
    2,
    2,
    2
  ],
  "cluster_stability": {
    "prev_clusters": "[5 0 1 7 1 1 1 7 4 7 7 2 4 3 7 1 1 1 1 2 7 4 1 2 8 1 7 3 4 2 1 2 7 1 3 4 1\n 1 5 7 4 4 6 1 1 1 7 1 3 3 4 1 7 5 4 1 5 7 1 1 7 1 4 1 1 4 2 1 7 1 1 0 1 4\n 1 5 7 8 1 1 3 5 7 1 1 3 3 1 1 3 1 5 3 7 7 4 4 7 4 6 7 7 1 2 3 5 7 1 7 2 6\n 3 4 1 5 3 7 7 4 7 2 7 7 1 7 4 1 1 7 3 4 1 4 1 1 1 3 4 7 4 4 7 2 1 1 1 7 2\n 7 1 1 4 3 9 3 4 1 5 3 7]",
    "stability_scores": [
      0.05625000000000002
    ]
  },
  "energy_flows": {
    "epoch_0": {
      "cluster_0": {
        "total_surplus": 52.50012969970703,
        "total_deficit": 412.7854919433594,
        "self_sufficiency": 0.41061947979731833,
        "total_consumption": 611.2949829101562,
        "total_generation": 251.00962829589844
      },
      "cluster_2": {
        "total_surplus": 15.159420013427734,
        "total_deficit": 60.466835021972656,
        "self_sufficiency": 0.44127686975347624,
        "total_consumption": 81.09100341796875,
        "total_generation": 35.78358459472656
      },
      "cluster_5": {
        "total_surplus": 70.31690979003906,
        "total_deficit": 209.817626953125,
        "self_sufficiency": 0.6044609113672842,
        "total_consumption": 352.68499755859375,
        "total_generation": 213.18429565429688
      },
      "cluster_6": {
        "total_surplus": 22.28741455078125,
        "total_deficit": 94.11872100830078,
        "self_sufficiency": 0.47793219821701344,
        "total_consumption": 137.58999633789062,
        "total_generation": 65.7586898803711
      },
      "cluster_7": {
        "total_surplus": 133.33895874023438,
        "total_deficit": 784.565185546875,
        "self_sufficiency": 0.35688735220049533,
        "total_consumption": 1012.615966796875,
        "total_generation": 361.38983154296875
      },
      "cluster_8": {
        "total_surplus": 21.574466705322266,
        "total_deficit": 91.08343505859375,
        "self_sufficiency": 0.45149322026519745,
        "total_consumption": 126.7239990234375,
        "total_generation": 57.21502685546875
      },
      "cluster_9": {
        "total_surplus": 87.89363861083984,
        "total_deficit": 856.5233154296875,
        "self_sufficiency": 0.32652553362777165,
        "total_consumption": 1141.2900390625,
        "total_generation": 372.66033935546875
      }
    },
    "epoch_3": {
      "cluster_1": {
        "total_surplus": 46.98365020751953,
        "total_deficit": 395.5705261230469,
        "self_sufficiency": 0.40180889648074036,
        "total_consumption": 582.7349853515625,
        "total_generation": 234.14810180664062
      },
      "cluster_2": {
        "total_surplus": 92.95661163330078,
        "total_deficit": 731.861328125,
        "self_sufficiency": 0.37955839715661727,
        "total_consumption": 1029.7579345703125,
        "total_generation": 390.853271484375
      },
      "cluster_3": {
        "total_surplus": 4.039320468902588,
        "total_deficit": 454.2911071777344,
        "self_sufficiency": 0.09255811121318622,
        "total_consumption": 496.1770324707031,
        "total_generation": 45.925209045410156
      },
      "cluster_4": {
        "total_surplus": 1.2312161922454834,
        "total_deficit": 21.71195411682129,
        "self_sufficiency": 0.4247468008428886,
        "total_consumption": 35.60300064086914,
        "total_generation": 15.122261047363281
      },
      "cluster_5": {
        "total_surplus": 2.8597145080566406,
        "total_deficit": 31.49972915649414,
        "self_sufficiency": 0.4126450620577767,
        "total_consumption": 48.76100158691406,
        "total_generation": 20.120986938476562
      },
      "cluster_6": {
        "total_surplus": 63.92415237426758,
        "total_deficit": 72.66780090332031,
        "self_sufficiency": 0.9285859889532412,
        "total_consumption": 122.43599700927734,
        "total_generation": 113.69235229492188
      },
      "cluster_8": {
        "total_surplus": 59.64604187011719,
        "total_deficit": 174.0524444580078,
        "self_sufficiency": 0.5741608158027792,
        "total_consumption": 268.6609802246094,
        "total_generation": 154.25460815429688
      },
      "cluster_9": {
        "total_surplus": 131.43023681640625,
        "total_deficit": 633.3849487304688,
        "self_sufficiency": 0.439132305011304,
        "total_consumption": 894.9609985351562,
        "total_generation": 393.00628662109375
      }
    },
    "epoch_6": {
      "cluster_1": {
        "total_surplus": 28.32278823852539,
        "total_deficit": 0.0,
        "self_sufficiency": 1.0,
        "total_consumption": 18.281999588012695,
        "total_generation": 46.60478973388672
      },
      "cluster_2": {
        "total_surplus": 10.425126075744629,
        "total_deficit": 16.529132843017578,
        "self_sufficiency": 0.8684424990027516,
        "total_consumption": 46.39799880981445,
        "total_generation": 40.29399490356445
      },
      "cluster_3": {
        "total_surplus": 55.719017028808594,
        "total_deficit": 22.05687141418457,
        "self_sufficiency": 1.0,
        "total_consumption": 63.521995544433594,
        "total_generation": 97.18414306640625
      },
      "cluster_4": {
        "total_surplus": 244.427001953125,
        "total_deficit": 1972.952392578125,
        "self_sufficiency": 0.3529492913057098,
        "total_consumption": 2671.39111328125,
        "total_generation": 942.8656005859375
      },
      "cluster_5": {
        "total_surplus": 18.959890365600586,
        "total_deficit": 139.6864013671875,
        "self_sufficiency": 0.4077447008361219,
        "total_consumption": 203.8419952392578,
        "total_generation": 83.11549377441406
      },
      "cluster_6": {
        "total_surplus": 14.442243576049805,
        "total_deficit": 339.58966064453125,
        "self_sufficiency": 0.2068317879849118,
        "total_consumption": 409.9349670410156,
        "total_generation": 84.78758239746094
      },
      "cluster_8": {
        "total_surplus": 30.774883270263672,
        "total_deficit": 11.692378997802734,
        "self_sufficiency": 1.0,
        "total_consumption": 27.00200080871582,
        "total_generation": 46.084503173828125
      },
      "cluster_9": {
        "total_surplus": 0.0,
        "total_deficit": 12.53300666809082,
        "self_sufficiency": 0.6763169200249116,
        "total_consumption": 38.720001220703125,
        "total_generation": 26.186992645263672
      }
    },
    "epoch_9": {
      "cluster_1": {
        "total_surplus": 1.0679035186767578,
        "total_deficit": 201.49996948242188,
        "self_sufficiency": 0.09102341033494489,
        "total_consumption": 220.50299072265625,
        "total_generation": 20.070934295654297
      },
      "cluster_2": {
        "total_surplus": 196.8446807861328,