{
  "cluster_assignments": [
    6,
    9,
    6,
    9,
    8,
    6,
    6,
    6,
    8,
    6,
    6,
    6,
    9,
    6,
    8,
    6,
    6,
    6,
    6,
    6,
    6,
    8,
    6,
    4,
    6,
    6,
    6,
    6,
    7,
    5,
    6,
    6,
    6,
    6,
    5,
    6,
    9,
    6,
    5,
    9,
    6,
    5,
    8,
    6,
    7,
    6,
    6,
    9,
    8,
    6,
    5,
    9,
    6,
    6,
    6,
    6,
    9,
    6,
    6,
    6,
    6,
    6,
    5,
    6,
    9,
    9,
    6,
    6,
    6,
    6,
    6,
    6,
    6,
    6,
    6,
    6,
    2,
    6,
    6,
    9,
    5,
    6,
    9,
    6,
    6,
    6,
    6,
    5,
    6,
    6,
    9,
    0,
    9,
    6,
    9,
    6,
    5,
    6,
    6,
    5,
    6,
    3,
    6,
    9,
    6,
    5,
    6,
    5,
    6,
    6,
    6,
    8,
    5,
    5,
    6,
    6,
    6,
    6,
    6,
    5,
    6,
    6,
    4,
    5,
    6,
    8,
    6,
    6,
    6,
    9,
    6,
    6,
    6,
    6,
    9,
    9,
    6,
    6,
    6,
    5,
    5,
    5,
    6,
    9,
    6,
    6,
    0,
    9,
    6,
    6,
    6,
    4,
    6,
    3,
    5,
    6,
    9,
    6,
    6,
    6
  ],
  "cluster_stability": {
    "prev_clusters": "[9 9 9 8 9 9 9 8 9 8 9 9 9 9 9 9 5 9 9 9 9 5 9 8 9 9 9 9 8 5 9 5 8 8 9 5 9\n 5 9 5 9 9 9 9 5 9 9 9 9 5 9 5 2 9 9 9 5 8 9 9 9 5 5 5 5 9 9 8 9 9 9 5 9 5\n 9 5 9 5 9 5 9 9 5 9 9 5 5 2 8 9 8 8 9 9 5 8 8 9 9 5 5 5 9 5 8 5 9 0 9 9 9\n 5 9 8 5 8 9 5 5 9 8 5 9 8 9 9 5 9 2 8 9 5 5 9 9 9 8 8 9 5 9 9 2 5 9 9 0 8\n 9 5 9 9 9 5 5 9 9 5 8 2]"
  },
  "energy_flows": {
    "epoch_0": {
      "cluster_0": {
        "total_surplus": 0.795753002166748,
        "total_deficit": 39.55360794067383,
        "self_sufficiency": 0.25944176463784413,
        "total_consumption": 52.33599853515625,
        "total_generation": 13.578144073486328
      },
      "cluster_3": {
        "total_surplus": 0.0,
        "total_deficit": 37.61674499511719,
        "self_sufficiency": 0.28710261820260935,
        "total_consumption": 52.76599884033203,
        "total_generation": 15.149256706237793
      },
      "cluster_4": {
        "total_surplus": 18.781883239746094,
        "total_deficit": 1.728611946105957,
        "self_sufficiency": 1.0,
        "total_consumption": 8.178999900817871,
        "total_generation": 25.232271194458008
      },
      "cluster_5": {
        "total_surplus": 71.63319396972656,
        "total_deficit": 241.90457153320312,
        "self_sufficiency": 0.5196356538100569,
        "total_consumption": 354.4630126953125,
        "total_generation": 184.19161987304688
      },
      "cluster_6": {
        "total_surplus": 228.4832763671875,
        "total_deficit": 1827.8994140625,
        "self_sufficiency": 0.34500600669578924,
        "total_consumption": 2441.87890625,
        "total_generation": 842.462890625
      },
      "cluster_7": {
        "total_surplus": 9.318615913391113,
        "total_deficit": 32.132450103759766,
        "self_sufficiency": 0.46910002697134795,
        "total_consumption": 42.97200012207031,
        "total_generation": 20.158166885375977
      },
      "cluster_8": {
        "total_surplus": 16.630634307861328,
        "total_deficit": 123.19475555419922,
        "self_sufficiency": 0.39804481616738097,
        "total_consumption": 177.02999877929688,
        "total_generation": 70.46587371826172
      },
      "cluster_9": {
        "total_surplus": 47.54643249511719,
        "total_deficit": 211.00973510742188,
        "self_sufficiency": 0.5319751647908709,
        "total_consumption": 349.261962890625,
        "total_generation": 185.79869079589844
      }
    }
  },
  "pseudo_labels": {
    "cluster_labels": {
      "5": "poor",
      "9": "poor",
      "8": "poor",
      "2": "poor"
    },
    "confidence": 0.7,
    "quality_scores": {
      "5": 0.25,
      "9": 0.25,
      "8": 0.25,
      "2": 0.25
    }
  },
  "solar_cascade_effects": {},
  "num_buildings": 0
}