{
  "cluster_assignments": [
    8,
    6,
    8,
    8,
    6,
    8,
    6,
    8,
    8,
    8,
    6,
    8,
    8,
    0,
    6,
    6,
    6,
    1,
    8,
    8,
    8,
    0,
    8,
    8,
    0,
    8,
    1,
    0,
    8,
    8,
    0,
    8,
    8,
    8,
    8,
    4,
    8,
    8,
    0,
    8,
    0,
    6,
    8,
    0,
    8,
    0,
    0,
    8,
    0,
    8,
    8,
    6,
    4,
    8,
    1,
    8,
    8,
    0,
    8,
    8,
    8,
    8,
    8,
    8,
    0,
    8,
    8,
    8,
    8,
    6,
    8,
    0,
    0,
    8,
    0,
    6,
    8,
    8,
    8,
    8,
    8,
    1,
    8,
    0,
    8,
    8,
    6,
    8,
    8,
    8,
    0,
    8,
    6,
    8,
    0,
    4,
    0,
    0,
    8,
    8,
    0,
    4,
    0,
    6,
    8,
    8,
    8,
    8,
    0,
    0,
    0,
    8,
    8,
    8,
    8,
    8,
    4,
    8,
    8,
    8,
    8,
    1,
    8,
    8,
    8,
    8,
    8,
    0,
    8,
    1,
    8,
    8,
    6,
    8,
    6,
    8,
    1,
    8,
    0,
    8,
    0,
    0,
    8,
    8,
    8,
    4,
    6,
    0,
    8,
    8,
    8,
    8,
    8,
    0,
    8,
    0,
    8,
    8,
    6,
    0
  ],
  "cluster_stability": {
    "prev_clusters": "[0 8 7 7 0 0 7 0 7 0 0 0 0 7 7 0 0 7 0 7 0 0 0 7 7 0 0 7 0 0 0 0 0 7 0 0 7\n 0 0 0 7 0 0 7 9 0 0 7 0 0 7 0 0 7 0 0 7 7 0 7 7 0 7 7 0 7 7 7 7 7 0 0 0 7\n 0 0 0 7 7 0 7 0 7 0 0 0 0 7 0 0 7 7 5 0 0 0 0 0 0 7 5 7 0 7 7 7 0 0 0 0 0\n 0 0 0 0 0 7 0 0 5 0 0 7 0 0 0 7 0 0 7 0 7 7 0 0 7 7 7 0 7 7 0 7 7 7 7 7 0\n 0 7 7 0 7 0 9 0 0 7 0 0]"
  },
  "energy_flows": {
    "epoch_0": {
      "cluster_0": {
        "total_surplus": 76.64252471923828,
        "total_deficit": 878.2562255859375,
        "self_sufficiency": 0.27093485859616645,
        "total_consumption": 1099.509033203125,
        "total_generation": 297.89532470703125
      },
      "cluster_1": {
        "total_surplus": 9.884773254394531,
        "total_deficit": 198.5434112548828,
        "self_sufficiency": 0.244256001546731,
        "total_consumption": 249.63299560546875,
        "total_generation": 60.97435760498047
      },
      "cluster_4": {
        "total_surplus": 9.584980010986328,
        "total_deficit": 33.020172119140625,
        "self_sufficiency": 0.6675765469116534,
        "total_consumption": 70.49800109863281,
        "total_generation": 47.06281280517578
      },
      "cluster_6": {
        "total_surplus": 47.33662033081055,
        "total_deficit": 136.29647827148438,
        "self_sufficiency": 0.6370939975765537,
        "total_consumption": 245.13198852539062,
        "total_generation": 156.172119140625
      },
      "cluster_8": {
        "total_surplus": 259.6220397949219,
        "total_deficit": 1268.923583984375,
        "self_sufficiency": 0.4437025452192867,
        "total_consumption": 1814.320068359375,
        "total_generation": 805.0184326171875
      }
    }
  },
  "pseudo_labels": {
    "cluster_labels": {
      "0": "poor",
      "7": "poor",
      "5": "fair",
      "8": "poor",
      "1": "poor"
    },
    "confidence": 0.7,
    "quality_scores": {
      "0": 0.25,
      "7": 0.25,
      "5": 0.5,
      "8": 0.25,
      "1": 0.25
    }
  },
  "solar_cascade_effects": {},
  "num_buildings": 0
}