{
  "cluster_assignments": [
    3,
    8,
    1,
    9,
    1,
    1,
    5,
    5,
    3,
    5,
    1,
    0,
    1,
    0,
    1,
    0,
    6,
    1,
    5,
    3,
    1,
    3,
    1,
    6,
    0,
    0,
    3,
    1,
    3,
    6,
    9,
    6,
    3,
    1,
    0,
    1,
    1,
    0,
    0,
    5,
    1,
    1,
    5,
    1,
    5,
    2,
    5,
    5,
    2,
    1,
    1,
    2,
    0,
    1,
    0,
    1,
    3,
    6,
    1,
    0,
    5,
    5,
    1,
    0,
    1,
    1,
    1,
    5,
    0,
    5,
    6,
    3,
    5,
    1,
    6,
    1,
    0,
    1,
    5,
    5,
    5,
    1,
    2,
    2,
    9,
    3,
    1,
    5,
    1,
    1,
    3,
    1,
    1,
    0,
    5,
    3,
    5,
    5,
    0,
    0,
    1,
    3,
    9,
    1,
    1,
    0,
    1,
    6,
    0,
    0,
    1,
    6,
    1,
    0,
    1,
    1,
    0,
    3,
    3,
    5,
    1,
    1,
    2,
    5,
    5,
    5,
    2,
    0,
    1,
    3,
    2,
    9,
    6,
    5,
    3,
    3,
    9,
    0,
    1,
    0,
    0,
    2,
    3,
    1,
    5,
    0,
    5,
    1,
    1,
    6,
    3,
    9,
    0,
    5,
    6,
    2,
    5,
    5,
    1,
    2
  ],
  "cluster_stability": {
    "prev_clusters": "[6 8 8 8 8 8 8 3 8 8 8 8 8 8 5 8 8 8 8 8 8 8 8 8 8 8 8 8 5 8 8 9 8 8 8 8 8\n 8 8 8 3 8 0 8 8 8 5 8 8 8 8 8 3 8 8 8 3 8 5 8 8 8 8 8 8 8 5 8 5 8 8 8 8 8\n 8 8 8 5 8 8 5 8 8 8 8 3 8 8 8 8 6 8 8 8 8 8 5 8 8 8 8 8 8 6 8 8 8 5 8 8 8\n 8 8 8 8 8 5 8 8 2 8 8 8 8 8 8 8 8 8 8 8 5 8 2 8 8 8 8 8 8 8 8 8 8 8 8 8 8\n 8 9 8 8 8 8 8 8 8 8 8 3]",
    "stability_scores": [
      0.28125
    ]
  },
  "energy_flows": {
    "epoch_0": {
      "cluster_0": {
        "total_surplus": 143.75628662109375,
        "total_deficit": 1388.879638671875,
        "self_sufficiency": 0.30553172570823733,
        "total_consumption": 1792.916015625,
        "total_generation": 547.792724609375
      },
      "cluster_1": {
        "total_surplus": 110.81251525878906,
        "total_deficit": 709.2843017578125,
        "self_sufficiency": 0.45012007144447896,
        "total_consumption": 1088.3680419921875,
        "total_generation": 489.89630126953125
      },
      "cluster_3": {
        "total_surplus": 43.3641357421875,
        "total_deficit": 91.44277954101562,
        "self_sufficiency": 0.647597360332613,
        "total_consumption": 136.43099975585938,
        "total_generation": 88.35235595703125
      },
      "cluster_7": {
        "total_surplus": 93.87362670898438,
        "total_deficit": 297.8436279296875,
        "self_sufficiency": 0.5142738455018407,
        "total_consumption": 419.9280090332031,
        "total_generation": 215.95799255371094
      }
    },
    "epoch_3": {
      "cluster_0": {
        "total_surplus": 373.3875427246094,
        "total_deficit": 2414.98388671875,
        "self_sufficiency": 0.3849219675148327,
        "total_consumption": 3319.248046875,
        "total_generation": 1277.6514892578125
      },
      "cluster_1": {
        "total_surplus": 5.6893768310546875,
        "total_deficit": 0.0,
        "self_sufficiency": 1.0,
        "total_consumption": 7.079000473022461,
        "total_generation": 12.768377304077148
      },
      "cluster_3": {
        "total_surplus": 23.9940185546875,
        "total_deficit": 100.05583190917969,
        "self_sufficiency": 0.5020993100402782,
        "total_consumption": 152.76499938964844,
        "total_generation": 76.70320129394531
      }
    },
    "epoch_6": {
      "cluster_0": {
        "total_surplus": 72.80040740966797,
        "total_deficit": 814.3323364257812,
        "self_sufficiency": 0.2916668947397979,
        "total_consumption": 1046.8690185546875,
        "total_generation": 305.3370361328125
      },
      "cluster_1": {
        "total_surplus": 54.61821746826172,
        "total_deficit": 130.95692443847656,
        "self_sufficiency": 0.5918414167730246,
        "total_consumption": 187.03199768066406,
        "total_generation": 110.69328308105469
      },
      "cluster_3": {
        "total_surplus": 183.01670837402344,
        "total_deficit": 955.1387939453125,
        "self_sufficiency": 0.41522559904650214,
        "total_consumption": 1320.3759765625,
        "total_generation": 548.25390625
      },
      "cluster_5": {
        "total_surplus": 0.7605552673339844,
        "total_deficit": 2.871697425842285,
        "self_sufficiency": 0.8708306995180063,
        "total_consumption": 16.3439998626709,
        "total_generation": 14.232857704162598
      },
      "cluster_8": {
        "total_surplus": 86.51709747314453,
        "total_deficit": 608.8739013671875,
        "self_sufficiency": 0.4131785648716828,
        "total_consumption": 890.14599609375,
        "total_generation": 367.78924560546875
      },
      "cluster_9": {
        "total_surplus": 0.0,
        "total_deficit": 2.8662052154541016,
        "self_sufficiency": 0.8408017050427629,
        "total_consumption": 18.003999710083008,
        "total_generation": 15.137794494628906
      }
    },
    "epoch_9": {
      "cluster_0": {
        "total_surplus": 75.27857208251953,
        "total_deficit": 263.9637756347656,
        "self_sufficiency": 0.5576812988907901,
        "total_consumption": 426.5820007324219,
        "total_generation": 237.8968048095703
      },
      "cluster_1": {
        "total_surplus": 123.6077651977539,
        "total_deficit": 651.5581665039062,
        "self_sufficiency": 0.44321769428606894,
        "total_consumption": 948.217041015625,
        "total_generation": 420.2665710449219
      },
      "cluster_2": {
        "total_surplus": 29.843891143798828,
        "total_deficit": 453.2105407714844,
        "self_sufficiency": 0.18683733917300127,
        "total_consumption": 520.6419677734375,
        "total_generation": 97.27536010742188
      },
      "cluster_3": {
        "total_surplus": 38.46281051635742,
        "total_deficit": 559.9547119140625,
        "self_sufficiency": 0.2571171044216538,
        "total_consumption": 701.9840087890625,
        "total_generation": 180.49209594726562
      },
      "cluster_5": {
        "total_surplus": 94.55027770996094,
        "total_deficit": 423.84613037109375,
        "self_sufficiency": 0.4439533230083866,
        "total_consumption": 592.208984375,
        "total_generation": 262.91314697265625
      },
      "cluster_6": {
        "total_surplus": 35.95761489868164,
        "total_deficit": 52.238101959228516,
        "self_sufficiency": 0.8672908854559924,
        "total_consumption": 122.67799377441406,
        "total_generation": 106.39750671386719
      },
      "cluster_9": {
        "total_surplus": 5.370019435882568,
        "total_deficit": 79.66751861572266,
        "self_sufficiency": 0.41062728572146023,
        "total_consumption": 126.06199645996094,
        "total_generation": 51.764495849609375
      }
    }
  },
  "pseudo_labels": {
    "cluster_labels": {
      "7": "poor",
      "4": "good",
      "6": "good",
      "9": "fair",
      "2": "poor",
      "5": "good",
      "8": "poor",
      "3": "fair",
      "1": "poor"
    },
    "confidence": 0.7,
    "quality_scores": {
      "7": 0.25,
      "4": 0.75,
      "6": 0.75,
      "9": 0.5,
      "2": 0.25,
      "5": 0.75,
      "8": 0.25,
      "3": 0.5,
      "1": 0.25
    }
  },
  "solar_cascade_effects": {},
  "num_buildings": 0
}