{
  "cluster_stability": {
    "prev_clusters": "[4 2 1 1 1 1 1 1 1 1 1 1 1 8 1 4 1 1 8 1 1 8 1 1 4 1 4 1 1 1 1 1 1 1 2 1 1\n 1 1 1 8 1 4 1 2 8 1 1 1 1 1 1 1 1 1 1 1 1 1 1 1 1 8 1 1 1 1 1 1 1 8 1 3 1\n 1 1 1 1 1 1 8 1 1 1 4 1 1 6 1 1 1 1 1 1 1 1 4 1 1 1 1 1 8 1 1 1 4 1 1 1 1\n 1 1 1 1 1 1 4 1 1 1 8 1 1 1 1 1 1 1 1 1 4 1 1 1 8 1 1 1 1 1 1 1 1 1 1 1 8\n 2 1 1 1 1 1 8 1 1 1 1 1]",
    "stability_scores": [
      0.6
    ]
  },
  "energy_flows": {
    "epoch_0": {
      "cluster_1": {
        "total_surplus": 938.5828857421875,
        "total_deficit": 0.0,
        "self_sufficiency": 1.0
      },
      "cluster_2": {
        "total_surplus": 59.33851623535156,
        "total_deficit": 0.0,
        "self_sufficiency": 1.0
      },
      "cluster_4": {
        "total_surplus": 25.095966339111328,
        "total_deficit": 0.0,
        "self_sufficiency": 1.0
      },
      "cluster_6": {
        "total_surplus": 71.40441131591797,
        "total_deficit": 0.0,
        "self_sufficiency": 1.0
      },
      "cluster_8": {
        "total_surplus": 272.7012939453125,
        "total_deficit": 0.0,
        "self_sufficiency": 1.0
      }
    },
    "epoch_3": {
      "cluster_1": {
        "total_surplus": 855.9893188476562,
        "total_deficit": 0.0,
        "self_sufficiency": 1.0
      },
      "cluster_2": {
        "total_surplus": 172.98507690429688,
        "total_deficit": 0.0,
        "self_sufficiency": 1.0
      },
      "cluster_4": {
        "total_surplus": 45.980194091796875,
        "total_deficit": 0.0,
        "self_sufficiency": 1.0
      },
      "cluster_6": {
        "total_surplus": 96.3265380859375,
        "total_deficit": 0.0,
        "self_sufficiency": 1.0
      },
      "cluster_8": {
        "total_surplus": 195.84197998046875,
        "total_deficit": 0.0,
        "self_sufficiency": 1.0
      }
    },
    "epoch_6": {
      "cluster_1": {
        "total_surplus": 261.3153076171875,
        "total_deficit": 0.0,
        "self_sufficiency": 1.0
      },
      "cluster_2": {
        "total_surplus": 374.6156311035156,
        "total_deficit": 0.0,
        "self_sufficiency": 1.0
      },
      "cluster_4": {
        "total_surplus": 51.34440612792969,
        "total_deficit": 0.0,
        "self_sufficiency": 1.0
      },
      "cluster_6": {
        "total_surplus": 309.5188903808594,
        "total_deficit": 0.0,
        "self_sufficiency": 1.0
      },
      "cluster_8": {
        "total_surplus": 324.40692138671875,
        "total_deficit": 0.0,
        "self_sufficiency": 1.0
      },
      "cluster_9": {
        "total_surplus": 30.181903839111328,
        "total_deficit": 0.0,
        "self_sufficiency": 1.0
      }
    },
    "epoch_9": {
      "cluster_1": {
        "total_surplus": 20.152408599853516,
        "total_deficit": 0.0,
        "self_sufficiency": 1.0
      },
      "cluster_2": {
        "total_surplus": 345.26983642578125,
        "total_deficit": 0.0,
        "self_sufficiency": 1.0
      },
      "cluster_3": {
        "total_surplus": 59.757720947265625,
        "total_deficit": 0.0,
        "self_sufficiency": 1.0
      },
      "cluster_4": {
        "total_surplus": 35.35265350341797,
        "total_deficit": 0.0,
        "self_sufficiency": 1.0
      },
      "cluster_5": {
        "total_surplus": 40.824462890625,
        "total_deficit": 0.0,
        "self_sufficiency": 1.0
      },
      "cluster_6": {
        "total_surplus": 315.812255859375,
        "total_deficit": 0.0,
        "self_sufficiency": 1.0
      },
      "cluster_8": {
        "total_surplus": 449.2955322265625,
        "total_deficit": 0.0,
        "self_sufficiency": 1.0
      },
      "cluster_9": {
        "total_surplus": 100.65824127197266,
        "total_deficit": 0.0,
        "self_sufficiency": 1.0
      }
    }
  },
  "pseudo_labels": {
    "cluster_labels": {
      "1": "poor",
      "8": "fair",
      "6": "fair",
      "2": "good",
      "4": "poor"
    },
    "confidence": 0.7,
    "quality_scores": {
      "1": 0.25,
      "8": 0.5,
      "6": 0.5,
      "2": 0.75,
      "4": 0.25
    }
  },
  "solar_cascade_effects": {}
}