{
  "cluster_stability": {
    "prev_clusters": "[9 9 9 9 9 6 6 4 4 9 4 4 9 7 9 9 0 9 4 4 4 9 9 9 9 4 4 9 9 9 9 9 9 9 4 9 9\n 4 9 4 4 4 9 4 9 9 9 4 4 9 9 4 9 9 4 9 7 6 9 9 6 9 4 4 9 9 4 9 9 9 9 9 9 9\n 9 9 4 4 9 6 9 4 4 9 4 4 4 9 9 9 9 4 9 4 9 4 9 4 9 9 9 9 4 4 4 9 9 0 9 7 9\n 9 9 9 9 9 9 9 9 9 9 9 4 9 4 9 9 7 4 9 4 4 4 9 9 4 6 9 9 7 4 4 9 4 4 9 9 9\n 9 9 4 9 9 6 9 7 6 6 0 4]",
    "stability_scores": [
      0.050000000000000044
    ]
  },
  "energy_flows": {
    "epoch_0": {
      "cluster_4": {
        "total_surplus": 310.76287841796875,
        "total_deficit": 0.0,
        "self_sufficiency": 1.0
      },
      "cluster_7": {
        "total_surplus": 45.2572021484375,
        "total_deficit": 0.0,
        "self_sufficiency": 1.0
      },
      "cluster_8": {
        "total_surplus": 30.214359283447266,
        "total_deficit": 0.0,
        "self_sufficiency": 1.0
      },
      "cluster_9": {
        "total_surplus": 980.8886108398438,
        "total_deficit": 0.0,
        "self_sufficiency": 1.0
      }
    },
    "epoch_3": {
      "cluster_4": {
        "total_surplus": 310.9532470703125,
        "total_deficit": 0.0,
        "self_sufficiency": 1.0
      },
      "cluster_7": {
        "total_surplus": 39.46332550048828,
        "total_deficit": 0.0,
        "self_sufficiency": 1.0
      },
      "cluster_8": {
        "total_surplus": 15.131376266479492,
        "total_deficit": 0.0,
        "self_sufficiency": 1.0
      },
      "cluster_9": {
        "total_surplus": 996.548583984375,
        "total_deficit": 0.0,
        "self_sufficiency": 1.0
      }
    },
    "epoch_6": {
      "cluster_4": {
        "total_surplus": 240.14981079101562,
        "total_deficit": 0.0,
        "self_sufficiency": 1.0
      },
      "cluster_7": {
        "total_surplus": 57.973358154296875,
        "total_deficit": 0.0,
        "self_sufficiency": 1.0
      },
      "cluster_8": {
        "total_surplus": 30.838598251342773,
        "total_deficit": 0.0,
        "self_sufficiency": 1.0
      },
      "cluster_9": {
        "total_surplus": 1028.1060791015625,
        "total_deficit": 0.0,
        "self_sufficiency": 1.0
      }
    },
    "epoch_9": {
      "cluster_4": {
        "total_surplus": 387.571044921875,
        "total_deficit": 0.0,
        "self_sufficiency": 1.0
      },
      "cluster_7": {
        "total_surplus": 66.61600494384766,
        "total_deficit": 0.0,
        "self_sufficiency": 1.0
      },
      "cluster_8": {
        "total_surplus": 25.231597900390625,
        "total_deficit": 0.0,
        "self_sufficiency": 1.0
      },
      "cluster_9": {
        "total_surplus": 867.5423583984375,
        "total_deficit": 0.0,
        "self_sufficiency": 1.0
      }
    }
  },
  "pseudo_labels": {
    "cluster_labels": {
      "9": "poor",
      "8": "fair",
      "4": "poor",
      "7": "good"
    },
    "confidence": 0.7,
    "quality_scores": {
      "9": 0.25,
      "8": 0.5,
      "4": 0.25,
      "7": 0.75
    }
  },
  "solar_cascade_effects": {}
}