{
  "cluster_assignments": [
    3,
    2,
    3,
    2,
    2,
    2,
    2,
    2,
    8,
    7,
    2,
    3,
    2,
    2,
    3,
    2,
    3,
    2,
    2,
    0,
    2,
    3,
    7,
    3,
    7,
    2,
    2,
    2,
    2,
    2,
    2,
    2,
    2,
    7,
    2,
    2,
    7,
    2,
    3,
    3,
    7,
    2,
    7,
    3,
    2,
    2,
    7,
    3,
    2,
    2,
    2,
    0,
    2,
    2,
    2,
    3,
    2,
    7,
    2,
    2,
    2,
    2,
    2,
    2,
    2,
    2,
    2,
    7,
    2,
    2,
    3,
    2,
    2,
    1,
    2,
    2,
    2,
    7,
    2,
    2,
    3,
    2,
    2,
    3,
    3,
    1,
    2,
    2,
    7,
    2,
    9,
    2,
    2,
    2,
    2,
    2,
    7,
    2,
    2,
    2,
    2,
    7,
    2,
    0,
    2,
    4,
    3,
    2,
    2,
    1,
    4,
    2,
    2,
    2,
    2,
    2,
    2,
    2,
    2,
    2,
    2,
    2,
    2,
    2,
    7,
    7,
    2,
    7,
    2,
    2,
    7,
    3,
    2,
    9,
    3,
    2,
    3,
    1,
    7,
    4,
    2,
    3,
    2,
    7,
    2,
    2,
    7,
    3,
    2,
    7,
    2,
    2,
    2,
    2,
    2,
    3,
    3,
    1,
    7,
    3
  ],
  "cluster_stability": {
    "prev_clusters": "[2 1 2 2 1 2 2 2 1 2 1 2 1 2 2 2 2 2 2 2 1 2 2 2 2 1 1 1 2 2 1 2 1 1 2 2 2\n 2 2 1 2 2 1 2 1 2 1 1 1 2 1 2 2 2 2 2 2 1 1 2 2 2 2 2 2 1 1 2 2 1 2 2 2 1\n 1 2 1 1 2 1 2 2 2 2 2 2 1 2 2 2 2 2 1 1 2 1 2 2 2 2 2 2 2 2 2 2 2 2 2 2 2\n 1 1 2 2 2 2 2 2 2 2 1 2 2 2 2 1 1 2 2 1 2 1 2 2 1 2 1 2 2 2 2 1 1 1 2 2 1\n 1 2 2 2 1 2 2 2 2 1 2 2]"
  },
  "energy_flows": {
    "epoch_0": {
      "cluster_0": {
        "total_surplus": 3.9233803749084473,
        "total_deficit": 48.979278564453125,
        "self_sufficiency": 0.357647450993624,
        "total_consumption": 70.14199829101562,
        "total_generation": 25.08610725402832
      },
      "cluster_1": {
        "total_surplus": 23.109256744384766,
        "total_deficit": 203.1676025390625,
        "self_sufficiency": 0.20332744913611409,
        "total_consumption": 226.01300048828125,
        "total_generation": 45.954647064208984
      },
      "cluster_2": {
        "total_surplus": 255.49282836914062,
        "total_deficit": 1016.0048828125,
        "self_sufficiency": 0.5251582912676561,
        "total_consumption": 1601.612060546875,
        "total_generation": 841.099853515625
      },
      "cluster_3": {
        "total_surplus": 55.48867416381836,
        "total_deficit": 811.0955200195312,
        "self_sufficiency": 0.22041950063649537,
        "total_consumption": 969.2479248046875,
        "total_generation": 213.64114379882812
      },
      "cluster_4": {
        "total_surplus": 1.1176786422729492,
        "total_deficit": 39.38768005371094,
        "self_sufficiency": 0.3983177545136221,
        "total_consumption": 63.60499954223633,
        "total_generation": 25.33500099182129
      },
      "cluster_7": {
        "total_surplus": 58.55349349975586,
        "total_deficit": 340.06463623046875,
        "self_sufficiency": 0.4031748285630913,
        "total_consumption": 471.6809997558594,
        "total_generation": 190.16990661621094
      },
      "cluster_9": {
        "total_surplus": 5.3856425285339355,
        "total_deficit": 3.1563491821289062,
        "self_sufficiency": 1.0,
        "total_consumption": 13.536999702453613,
        "total_generation": 15.766292572021484
      }
    }
  },
  "pseudo_labels": {
    "cluster_labels": {
      "2": "poor",
      "1": "poor"
    },
    "confidence": 0.7,
    "quality_scores": {
      "2": 0.25,
      "1": 0.25
    }
  },
  "solar_cascade_effects": {},
  "num_buildings": 0
}