{
  "cluster_stability": {
    "prev_clusters": "[9 0 0 3 0 0 0 9 0 9 3 0 0 3 9 3 0 0 3 3 9 9 0 3 3 0 3 9 9 0 9 9 0 3 9 0 3\n 0 9 0 9 9 0 0 3 0 0 9 0 0 0 0 0 0 3 3 3 4 0 0 0 3 0 3 0 3 0 3 0 3 4 9 9 3\n 0 0 0 6 0 0 3 3 3 3 9 6 3 0 9 6 0 3 0 6 0 0 0 3 0 3 0 3 3 0 3 0 3 9 0 3 0\n 3 3 9 0 0 9 3 9 0 4 6 6 0 9 9 0 0 3 0 3 0 9 0 3 3 6 0 0 0 0 3 0 3 0 0 3 0\n 9 3 0 3 9 3 9 3 3 9 4 9]",
    "stability_scores": [
      0.21875
    ]
  },
  "energy_flows": {
    "epoch_0": {
      "cluster_0": {
        "total_surplus": 33.67852020263672,
        "total_deficit": 0.0,
        "self_sufficiency": 1.0
      },
      "cluster_2": {
        "total_surplus": 114.12925720214844,
        "total_deficit": 0.0,
        "self_sufficiency": 1.0
      },
      "cluster_3": {
        "total_surplus": 733.4940795898438,
        "total_deficit": 0.0,
        "self_sufficiency": 1.0
      },
      "cluster_6": {
        "total_surplus": 425.5298767089844,
        "total_deficit": 0.0,
        "self_sufficiency": 1.0
      },
      "cluster_9": {
        "total_surplus": 50.28205871582031,
        "total_deficit": 0.0,
        "self_sufficiency": 1.0
      }
    },
    "epoch_3": {
      "cluster_2": {
        "total_surplus": 135.140625,
        "total_deficit": 0.0,
        "self_sufficiency": 1.0
      },
      "cluster_3": {
        "total_surplus": 443.45660400390625,
        "total_deficit": 0.0,
        "self_sufficiency": 1.0
      },
      "cluster_6": {
        "total_surplus": 759.8616943359375,
        "total_deficit": 0.0,
        "self_sufficiency": 1.0
      },
      "cluster_9": {
        "total_surplus": 28.664138793945312,
        "total_deficit": 0.0,
        "self_sufficiency": 1.0
      }
    },
    "epoch_6": {
      "cluster_2": {
        "total_surplus": 83.1596450805664,
        "total_deficit": 0.0,
        "self_sufficiency": 1.0
      },
      "cluster_3": {
        "total_surplus": 202.36825561523438,
        "total_deficit": 0.0,
        "self_sufficiency": 1.0
      },
      "cluster_6": {
        "total_surplus": 1081.59521484375,
        "total_deficit": 0.0,
        "self_sufficiency": 1.0
      }
    },
    "epoch_9": {
      "cluster_2": {
        "total_surplus": 118.12774658203125,
        "total_deficit": 0.0,
        "self_sufficiency": 1.0
      },
      "cluster_3": {
        "total_surplus": 193.08323669433594,
        "total_deficit": 0.0,
        "self_sufficiency": 1.0
      },
      "cluster_6": {
        "total_surplus": 1045.8607177734375,
        "total_deficit": 0.0,
        "self_sufficiency": 1.0
      }
    }
  },
  "pseudo_labels": {
    "cluster_labels": {
      "3": "poor",
      "6": "poor",
      "0": "good",
      "2": "good",
      "4": "poor",
      "9": "good"
    },
    "confidence": 0.7,
    "quality_scores": {
      "3": 0.25,
      "6": 0.25,
      "0": 0.75,
      "2": 0.75,
      "4": 0.25,
      "9": 0.75
    }
  },
  "solar_cascade_effects": {}
}