{
  "cluster_stability": {
    "prev_clusters": "[2 5 5 0 2 5 5 5 2 5 2 5 2 2 5 2 2 2 5 2 9 5 9 9 5 2 5 5 5 5 2 2 9 9 5 0 2\n 2 5 0 2 2 2 2 1 2 9 2 5 2 5 5 5 9 2 5 2 5 9 5 5 5 5 5 2 2 2 9 5 0 2 2 5 9\n 2 3 2 2 2 2 5 5 2 5 9 5 5 5 2 9 5 2 2 2 5 2 9 5 5 2 2 5 3 2 5 5 5 5 2 9 9\n 2 5 2 5 5 5 5 2 2 2 9 5 0 2 9 5 9 9 6 2 5 5 2 9 2 2 5 9 2 5 2 7 9 2 2 2 2\n 5 7 5 5 2 2 5 2 5 2 2 2]",
    "stability_scores": [
      0.38749999999999996
    ]
  },
  "energy_flows": {
    "epoch_0": {
      "cluster_0": {
        "total_surplus": 30.989343643188477,
        "total_deficit": 0.0,
        "self_sufficiency": 1.0
      },
      "cluster_1": {
        "total_surplus": 15.741157531738281,
        "total_deficit": 0.0,
        "self_sufficiency": 1.0
      },
      "cluster_2": {
        "total_surplus": 457.0086669921875,
        "total_deficit": 0.0,
        "self_sufficiency": 1.0
      },
      "cluster_3": {
        "total_surplus": 105.39814758300781,
        "total_deficit": 0.0,
        "self_sufficiency": 1.0
      },
      "cluster_5": {
        "total_surplus": 295.75433349609375,
        "total_deficit": 0.0,
        "self_sufficiency": 1.0
      },
      "cluster_6": {
        "total_surplus": 85.535400390625,
        "total_deficit": 0.0,
        "self_sufficiency": 1.0
      },
      "cluster_7": {
        "total_surplus": 236.06088256835938,
        "total_deficit": 0.0,
        "self_sufficiency": 1.0
      },
      "cluster_9": {
        "total_surplus": 140.63516235351562,
        "total_deficit": 0.0,
        "self_sufficiency": 1.0
      }
    },
    "epoch_3": {
      "cluster_0": {
        "total_surplus": 183.12216186523438,
        "total_deficit": 0.0,
        "self_sufficiency": 1.0
      },
      "cluster_2": {
        "total_surplus": 237.9188232421875,
        "total_deficit": 0.0,
        "self_sufficiency": 1.0
      },
      "cluster_3": {
        "total_surplus": 170.90414428710938,
        "total_deficit": 0.0,
        "self_sufficiency": 1.0
      },
      "cluster_5": {
        "total_surplus": 107.66240692138672,
        "total_deficit": 0.0,
        "self_sufficiency": 1.0
      },
      "cluster_6": {
        "total_surplus": 66.98141479492188,
        "total_deficit": 0.0,
        "self_sufficiency": 1.0
      },
      "cluster_7": {
        "total_surplus": 457.173095703125,
        "total_deficit": 0.0,
        "self_sufficiency": 1.0
      },
      "cluster_8": {
        "total_surplus": 50.60591125488281,
        "total_deficit": 0.0,
        "self_sufficiency": 1.0
      },
      "cluster_9": {
        "total_surplus": 77.57782745361328,
        "total_deficit": 0.0,
        "self_sufficiency": 1.0
      }
    },
    "epoch_6": {
      "cluster_0": {
        "total_surplus": 411.31024169921875,
        "total_deficit": 0.0,
        "self_sufficiency": 1.0
      },
      "cluster_2": {
        "total_surplus": 109.81343078613281,
        "total_deficit": 0.0,
        "self_sufficiency": 1.0
      },
      "cluster_3": {
        "total_surplus": 146.1151123046875,
        "total_deficit": 0.0,
        "self_sufficiency": 1.0
      },
      "cluster_5": {
        "total_surplus": 151.06813049316406,
        "total_deficit": 0.0,
        "self_sufficiency": 1.0
      },
      "cluster_6": {
        "total_surplus": 40.77915954589844,
        "total_deficit": 0.0,
        "self_sufficiency": 1.0
      },
      "cluster_7": {
        "total_surplus": 383.75457763671875,
        "total_deficit": 0.0,
        "self_sufficiency": 1.0
      },
      "cluster_8": {
        "total_surplus": 83.92930603027344,
        "total_deficit": 0.0,
        "self_sufficiency": 1.0
      },
      "cluster_9": {
        "total_surplus": 30.243255615234375,
        "total_deficit": 0.0,
        "self_sufficiency": 1.0
      }
    },
    "epoch_9": {
      "cluster_0": {
        "total_surplus": 461.2970275878906,
        "total_deficit": 0.0,
        "self_sufficiency": 1.0
      },
      "cluster_2": {
        "total_surplus": 20.208866119384766,
        "total_deficit": 0.0,
        "self_sufficiency": 1.0
      },
      "cluster_3": {
        "total_surplus": 106.05086517333984,
        "total_deficit": 0.0,
        "self_sufficiency": 1.0
      },
      "cluster_4": {
        "total_surplus": 15.082979202270508,
        "total_deficit": 0.0,
        "self_sufficiency": 1.0
      },
      "cluster_5": {
        "total_surplus": 102.4563980102539,
        "total_deficit": 0.0,
        "self_sufficiency": 1.0
      },
      "cluster_6": {
        "total_surplus": 51.27729415893555,
        "total_deficit": 0.0,
        "self_sufficiency": 1.0
      },
      "cluster_7": {
        "total_surplus": 294.20831298828125,
        "total_deficit": 0.0,
        "self_sufficiency": 1.0
      },
      "cluster_8": {
        "total_surplus": 291.4491882324219,
        "total_deficit": 0.0,
        "self_sufficiency": 1.0
      },
      "cluster_9": {
        "total_surplus": 25.092144012451172,
        "total_deficit": 0.0,
        "self_sufficiency": 1.0
      }
    }
  },
  "pseudo_labels": {
    "cluster_labels": {
      "5": "poor",
      "3": "good",
      "6": "good",
      "2": "poor",
      "9": "poor",
      "7": "fair",
      "0": "fair",
      "1": "poor"
    },
    "confidence": 0.7,
    "quality_scores": {
      "5": 0.25,
      "3": 0.75,
      "6": 0.75,
      "2": 0.25,
      "9": 0.25,
      "7": 0.5,
      "0": 0.5,
      "1": 0.25
    }
  },
  "solar_cascade_effects": {}
}