{
  "cluster_stability": {
    "prev_clusters": "[6 6 0 5 5 5 0 0 5 5 5 6 6 6 5 0 6 5 5 0 6 5 6 5 5 0 6 5 0 5 6 5 5 0 6 6 5\n 0 5 5 5 5 5 5 5 5 5 0 5 0 5 5 0 5 0 6 6 0 0 0 5 5 5 5 5 5 0 5 5 5 0 5 5 5\n 5 5 0 6 5 5 5 5 0 5 5 5 5 5 5 5 0 5 5 5 5 0 6 0 5 0 5 5 5 0 5 0 6 5 5 5 5\n 5 0 5 0 5 6 6 5 5 0 5 5 0 5 5 0 6 6 0 0 0 6 5 5 6 5 5 5 5 5 0 5 0 0 5 5 5\n 5 6 5 0 5 0 6 5 0 5 5 5]",
    "stability_scores": [
      0.30000000000000004
    ]
  },
  "energy_flows": {
    "epoch_0": {
      "cluster_0": {
        "total_surplus": 537.1670532226562,
        "total_deficit": 0.0,
        "self_sufficiency": 1.0
      },
      "cluster_2": {
        "total_surplus": 40.55461120605469,
        "total_deficit": 0.0,
        "self_sufficiency": 1.0
      },
      "cluster_4": {
        "total_surplus": 38.751869201660156,
        "total_deficit": 0.0,
        "self_sufficiency": 1.0
      },
      "cluster_5": {
        "total_surplus": 303.6106262207031,
        "total_deficit": 0.0,
        "self_sufficiency": 1.0
      },
      "cluster_6": {
        "total_surplus": 447.0389099121094,
        "total_deficit": 0.0,
        "self_sufficiency": 1.0
      }
    },
    "epoch_3": {
      "cluster_0": {
        "total_surplus": 558.1270751953125,
        "total_deficit": 0.0,
        "self_sufficiency": 1.0
      },
      "cluster_4": {
        "total_surplus": 54.62628936767578,
        "total_deficit": 0.0,
        "self_sufficiency": 1.0
      },
      "cluster_5": {
        "total_surplus": 167.53323364257812,
        "total_deficit": 0.0,
        "self_sufficiency": 1.0
      },
      "cluster_6": {
        "total_surplus": 586.8365478515625,
        "total_deficit": 0.0,
        "self_sufficiency": 1.0
      }
    },
    "epoch_6": {
      "cluster_0": {
        "total_surplus": 499.1015319824219,
        "total_deficit": 0.0,
        "self_sufficiency": 1.0
      },
      "cluster_4": {
        "total_surplus": 55.320980072021484,
        "total_deficit": 0.0,
        "self_sufficiency": 1.0
      },
      "cluster_5": {
        "total_surplus": 179.62686157226562,
        "total_deficit": 0.0,
        "self_sufficiency": 1.0
      },
      "cluster_6": {
        "total_surplus": 617.34375,
        "total_deficit": 0.0,
        "self_sufficiency": 1.0
      }
    },
    "epoch_9": {
      "cluster_0": {
        "total_surplus": 255.088134765625,
        "total_deficit": 0.0,
        "self_sufficiency": 1.0
      },
      "cluster_4": {
        "total_surplus": 25.822525024414062,
        "total_deficit": 0.0,
        "self_sufficiency": 1.0
      },
      "cluster_5": {
        "total_surplus": 337.2906188964844,
        "total_deficit": 0.0,
        "self_sufficiency": 1.0
      },
      "cluster_6": {
        "total_surplus": 748.9218139648438,
        "total_deficit": 0.0,
        "self_sufficiency": 1.0
      }
    }
  },
  "pseudo_labels": {
    "cluster_labels": {
      "0": "poor",
      "6": "poor",
      "5": "poor",
      "2": "poor"
    },
    "confidence": 0.7,
    "quality_scores": {
      "0": 0.25,
      "6": 0.25,
      "5": 0.25,
      "2": 0.25
    }
  },
  "solar_cascade_effects": {}
}