{
  "cluster_stability": {
    "prev_clusters": "[8 8 8 2 8 8 8 8 8 8 8 8 2 8 5 5 8 8 8 8 8 2 8 8 8 8 5 2 8 2 8 1 8 8 8 8 8\n 2 8 8 5 8 8 8 5 2 8 8 8 8 8 8 8 2 2 5 8 8 8 8 8 2 8 8 8 8 8 2 8 2 2 5 8 4\n 2 8 8 4 8 8 5 8 8 8 8 8 8 8 8 5 8 8 8 8 8 8 8 8 8 8 8 2 8 8 5 8 4 8 8 5 8\n 8 8 8 8 8 8 8 8 4 5 8 8 8 5 8 2 8 8 5 8 5 4 8 8 8 8 8 2 8 8 8 8 8 8 4 8 8\n 8 8 8 8 8 8 8 8 8 8 4 9]",
    "stability_scores": [
      0.1875
    ]
  },
  "energy_flows": {
    "epoch_0": {
      "cluster_4": {
        "total_surplus": 902.5980834960938,
        "total_deficit": 0.0,
        "self_sufficiency": 1.0
      },
      "cluster_5": {
        "total_surplus": 291.62762451171875,
        "total_deficit": 0.0,
        "self_sufficiency": 1.0
      },
      "cluster_8": {
        "total_surplus": 162.8434295654297,
        "total_deficit": 0.0,
        "self_sufficiency": 1.0
      }
    },
    "epoch_3": {
      "cluster_4": {
        "total_surplus": 675.4093017578125,
        "total_deficit": 0.0,
        "self_sufficiency": 1.0
      },
      "cluster_5": {
        "total_surplus": 660.7652587890625,
        "total_deficit": 0.0,
        "self_sufficiency": 1.0
      },
      "cluster_8": {
        "total_surplus": 25.269533157348633,
        "total_deficit": 0.0,
        "self_sufficiency": 1.0
      }
    },
    "epoch_6": {
      "cluster_4": {
        "total_surplus": 590.3072509765625,
        "total_deficit": 0.0,
        "self_sufficiency": 1.0
      },
      "cluster_5": {
        "total_surplus": 756.7239990234375,
        "total_deficit": 0.0,
        "self_sufficiency": 1.0
      },
      "cluster_8": {
        "total_surplus": 20.091861724853516,
        "total_deficit": 0.0,
        "self_sufficiency": 1.0
      }
    },
    "epoch_9": {
      "cluster_4": {
        "total_surplus": 320.51324462890625,
        "total_deficit": 0.0,
        "self_sufficiency": 1.0
      },
      "cluster_5": {
        "total_surplus": 1036.5361328125,
        "total_deficit": 0.0,
        "self_sufficiency": 1.0
      }
    }
  },
  "pseudo_labels": {
    "cluster_labels": {
      "8": "poor",
      "4": "poor",
      "5": "fair",
      "2": "good",
      "9": "poor"
    },
    "confidence": 0.7,
    "quality_scores": {
      "8": 0.25,
      "4": 0.25,
      "5": 0.5,
      "2": 0.75,
      "9": 0.25
    }
  },
  "solar_cascade_effects": {}
}