{
  "cluster_assignments": [
    2,
    2,
    2,
    6,
    5,
    5,
    6,
    2,
    8,
    5,
    5,
    5,
    5,
    8,
    6,
    5,
    6,
    5,
    5,
    8,
    8,
    2,
    8,
    5,
    5,
    2,
    5,
    5,
    6,
    5,
    5,
    2,
    5,
    5,
    6,
    5,
    5,
    5,
    5,
    6,
    5,
    5,
    5,
    5,
    5,
    2,
    2,
    2,
    5,
    8,
    5,
    2,
    5,
    5,
    9,
    6,
    5,
    5,
    5,
    5,
    5,
    5,
    2,
    6,
    5,
    5,
    5,
    5,
    5,
    2,
    5,
    6,
    6,
    5,
    5,
    5,
    5,
    8,
    5,
    6,
    5,
    6,
    5,
    2,
    5,
    8,
    5,
    2,
    6,
    5,
    8,
    2,
    5,
    5,
    6,
    2,
    5,
    6,
    2,
    2,
    2,
    5,
    5,
    2,
    6,
    9,
    5,
    6,
    5,
    6,
    2,
    5,
    9,
    5,
    5,
    5,
    5,
    2,
    2,
    2,
    6,
    5,
    5,
    5,
    5,
    5,
    2,
    5,
    5,
    5,
    2,
    2,
    5,
    6,
    8,
    5,
    2,
    6,
    5,
    5,
    8,
    2,
    5,
    2,
    5,
    6,
    5,
    5,
    8,
    3,
    5,
    2,
    2,
    5,
    2,
    6,
    6,
    5,
    6,
    2
  ],
  "cluster_stability": {
    "prev_clusters": "[0 8 3 8 8 8 8 4 0 0 3 0 3 8 0 3 0 8 8 8 8 3 3 0 0 3 0 0 8 0 3 0 8 8 8 0 0\n 8 0 0 0 3 0 8 0 3 8 8 3 0 4 3 0 3 0 0 8 8 3 0 0 0 8 8 8 0 0 0 0 0 4 0 0 0\n 0 3 0 8 0 0 4 3 3 8 0 3 4 8 0 0 8 3 3 0 4 8 4 0 3 8 8 8 8 0 0 3 4 8 0 0 4\n 3 0 0 0 3 0 0 3 0 0 0 0 0 8 8 3 0 0 8 4 8 0 0 0 0 0 3 4 4 0 8 8 0 0 8 0 0\n 0 0 8 0 3 0 8 0 3 3 8 3]"
  },
  "energy_flows": {
    "epoch_0": {
      "cluster_2": {
        "total_surplus": 74.92823028564453,
        "total_deficit": 882.5535888671875,
        "self_sufficiency": 0.2637101444097049,
        "total_consumption": 1096.885009765625,
        "total_generation": 289.25970458984375
      },
      "cluster_5": {
        "total_surplus": 212.5381622314453,
        "total_deficit": 977.2342529296875,
        "self_sufficiency": 0.48391048414126897,
        "total_consumption": 1481.7119140625,
        "total_generation": 717.0159301757812
      },
      "cluster_6": {
        "total_surplus": 87.90361022949219,
        "total_deficit": 292.72393798828125,
        "self_sufficiency": 0.531029901112775,
        "total_consumption": 436.7449951171875,
        "total_generation": 231.92465209960938
      },
      "cluster_8": {
        "total_surplus": 21.09358024597168,
        "total_deficit": 322.65618896484375,
        "self_sufficiency": 0.2367937900731749,
        "total_consumption": 395.1260070800781,
        "total_generation": 93.56338500976562
      },
      "cluster_9": {
        "total_surplus": 0.0,
        "total_deficit": 39.871925354003906,
        "self_sufficiency": 0.38725514372302805,
        "total_consumption": 65.07099914550781,
        "total_generation": 25.199079513549805
      }
    }
  },
  "pseudo_labels": {
    "cluster_labels": {
      "0": "poor",
      "3": "poor",
      "8": "poor",
      "4": "good"
    },
    "confidence": 0.7,
    "quality_scores": {
      "0": 0.25,
      "3": 0.25,
      "8": 0.25,
      "4": 0.75
    }
  },
  "solar_cascade_effects": {},
  "num_buildings": 0
}