{
  "cluster_stability": {
    "prev_clusters": "[7 9 9 9 9 9 9 9 9 9 9 7 9 9 9 7 9 4 9 9 9 9 9 9 9 9 9 9 9 9 9 9 9 9 9 7 9\n 9 4 9 9 9 9 9 9 9 9 9 9 9 9 9 9 9 9 9 9 9 9 9 9 9 9 9 9 9 9 9 9 9 9 9 9 9\n 9 9 9 7 9 7 9 9 9 9 9 9 9 9 9 9 9 9 3 9 9 9 9 9 9 9 9 9 9 9 7 9 9 9 9 9 9\n 9 9 9 9 9 4 9 9 9 9 9 9 7 9 9 9 9 9 9 9 9 9 9 9 9 9 9 9 9 9 9 9 9 7 9 9 9\n 9 9 9 9 9 9 9 9 9 9 9 9]",
    "stability_scores": [
      0.8875
    ]
  },
  "energy_flows": {
    "epoch_0": {
      "cluster_3": {
        "total_surplus": 35.85070037841797,
        "total_deficit": 0.0,
        "self_sufficiency": 1.0
      },
      "cluster_4": {
        "total_surplus": 180.91075134277344,
        "total_deficit": 0.0,
        "self_sufficiency": 1.0
      },
      "cluster_7": {
        "total_surplus": 212.57852172851562,
        "total_deficit": 0.0,
        "self_sufficiency": 1.0
      },
      "cluster_9": {
        "total_surplus": 937.7830810546875,
        "total_deficit": 0.0,
        "self_sufficiency": 1.0
      }
    },
    "epoch_3": {
      "cluster_4": {
        "total_surplus": 215.8573455810547,
        "total_deficit": 0.0,
        "self_sufficiency": 1.0
      },
      "cluster_7": {
        "total_surplus": 336.746337890625,
        "total_deficit": 0.0,
        "self_sufficiency": 1.0
      },
      "cluster_9": {
        "total_surplus": 814.5194091796875,
        "total_deficit": 0.0,
        "self_sufficiency": 1.0
      }
    },
    "epoch_6": {
      "cluster_4": {
        "total_surplus": 191.61215209960938,
        "total_deficit": 0.0,
        "self_sufficiency": 1.0
      },
      "cluster_7": {
        "total_surplus": 338.11993408203125,
        "total_deficit": 0.0,
        "self_sufficiency": 1.0
      },
      "cluster_9": {
        "total_surplus": 837.3909912109375,
        "total_deficit": 0.0,
        "self_sufficiency": 1.0
      }
    },
    "epoch_9": {
      "cluster_4": {
        "total_surplus": 197.06573486328125,
        "total_deficit": 0.0,
        "self_sufficiency": 1.0
      },
      "cluster_7": {
        "total_surplus": 457.57794189453125,
        "total_deficit": 0.0,
        "self_sufficiency": 1.0
      },
      "cluster_9": {
        "total_surplus": 712.4794921875,
        "total_deficit": 0.0,
        "self_sufficiency": 1.0
      }
    }
  },
  "pseudo_labels": {
    "cluster_labels": {
      "9": "poor",
      "4": "poor",
      "7": "fair",
      "0": "poor",
      "3": "poor"
    },
    "confidence": 0.7,
    "quality_scores": {
      "9": 0.25,
      "4": 0.25,
      "7": 0.5,
      "0": 0.25,
      "3": 0.25
    }
  },
  "solar_cascade_effects": {}
}